savedItem,createdTime
https://www.linkedin.com/feed/update/urn:li:activity:7071687510828998656,6/6/2023 7:08
https://www.linkedin.com/feed/update/urn:li:activity:7067429907735134208,5/31/2023 11:12
https://www.linkedin.com/feed/update/urn:li:activity:7059885934359572480,5/10/2023 5:12
https://www.linkedin.com/feed/update/urn:li:activity:7061396043992604673,5/9/2023 3:47
https://www.linkedin.com/feed/update/urn:li:activity:7059870337991135232,5/5/2023 8:02
https://www.linkedin.com/feed/update/urn:li:activity:7059496983182397440,5/3/2023 13:57
https://www.linkedin.com/feed/update/urn:li:activity:7059060488403337216,5/2/2023 10:06
https://www.linkedin.com/feed/update/urn:li:activity:7056737292916277248,4/26/2023 12:52
https://www.linkedin.com/feed/update/urn:li:activity:7056294683152384000,4/24/2023 17:56
https://www.linkedin.com/feed/update/urn:li:activity:7055929291590578176,4/23/2023 15:54
https://www.linkedin.com/feed/update/urn:li:activity:7053682147198418944,4/20/2023 7:05
https://www.linkedin.com/feed/update/urn:li:activity:6916385914483068928,4/6/2022 3:02
https://www.linkedin.com/feed/update/urn:li:activity:6912295240469008384,4/1/2022 10:17
https://www.linkedin.com/feed/update/urn:li:activity:6914936935127932928,3/31/2022 5:41
https://www.linkedin.com/feed/update/urn:li:activity:6915108116560764928,3/31/2022 5:05
https://www.linkedin.com/feed/update/urn:li:activity:6914564437798518784,3/30/2022 14:08
